Tên danh mục;Mã danh mục;ID;Hoạt động;Hiển thị;Số sản phẩm;Ngày tạo;Link trên website
BÚI TRÒN TO LUXY;BÚI TRÒN TO LUXY;27469;Ẩn;Không hiển thị;1;2022-10-17 16:17:07;/bui-tron-to-luxy-pc27469.html
MÁI NGỐ;MÁI NGỐ;4801;Hoạt động;Không hiển thị;18;2022-06-29 14:28:22;/mai-ngo-pc4801.html
Đầu Đội siêu da Silk Base;Đầu Đội siêu da Silk Base;4802;Hoạt động;Không hiển thị;75;2022-06-29 14:33:27;/dau-doi-sieu-da-silk-base-pc4802.html
Khách Đặt;Khách đặt theo yêu cầu;7533;Hoạt động;Không hiển thị;28;2022-07-13 15:04:47;/khach-dat-pc7533.html
Phụ thu phí;Phụ thu phí;11544;Hoạt động;Không hiển thị;30;2022-07-27 12:54:20;/phu-thu-phi-pc11544.html
Qùa tặng;Qùa tặng;16627;Hoạt động;Không hiển thị;3;2022-08-25 15:35:20;/qua-tang-pc16627.html
QUÀ TẶNG;QUÀ TẶNG;16628;Hoạt động;Không hiển thị;3;2022-08-25 15:36:35;/qua-tang-pc16628.html
Xịt dưỡng;Xịt dưỡng;16630;Hoạt động;Không hiển thị;3;2022-08-25 15:36:55;/xit-duong-pc16630.html
ĐẦU ĐỘI SIÊU DA ĐẦU LUXY;ĐẦU ĐỘI SIÊU DA ĐẦU LUXY;27454;Ẩn;Không hiển thị;4;2022-10-17 16:17:07;/dau-doi-sieu-da-dau-luxy-pc27454.html
VIC LUXY;VIC LUXY;27460;Ẩn;Không hiển thị;1;2022-10-17 16:17:07;/vic-luxy-pc27460.html
CỘT ĐUÔI LUXY;CỘT ĐUÔI LUXY;27463;Ẩn;Không hiển thị;1;2022-10-17 16:17:07;/cot-duoi-luxy-pc27463.html
NGOẠM ĐUÔI LUXY;NGOẠM ĐUÔI LUXY;27464;Ẩn;Không hiển thị;2;2022-10-17 16:17:07;/ngoam-duoi-luxy-pc27464.html
KẸP 9 PHÍM LUXY;KẸP 9 PHÍM LUXY;27465;Ẩn;Không hiển thị;1;2022-10-17 16:17:07;/kep-9-phim-luxy-pc27465.html
KẸP 3 PHÍM LUXY;KẸP 3 PHÍM LUXY;27467;Ẩn;Không hiển thị;5;2022-10-17 16:17:07;/kep-3-phim-luxy-pc27467.html
Lưới đội đầu;LDD;25176;Hoạt động;Không hiển thị;4;2022-10-03 15:45:06;/luoi-doi-dau-pc25176.html
BÚI TRÒN BÉ LUXY;BÚI TRÒN BÉ LUXY;27470;Ẩn;Không hiển thị;1;2022-10-17 16:17:07;/bui-tron-be-luxy-pc27470.html
dán mái hói;DMH;28642;Hoạt động;Không hiển thị;2;2022-10-24 18:42:16;/dan-mai-hoi-pc28642.html
Mái hói chữ M;MHNA;31741;Hoạt động;Không hiển thị;6;2022-11-14 12:43:10;/mai-hoi-chu-m-pc31741.html
Keo dán;KEO;31766;Hoạt động;Không hiển thị;1;2022-11-14 14:04:19;/keo-dan-pc31766.html
VOUCHER;VOUCHER;33735;Hoạt động;Không hiển thị;;2022-11-25 12:08:48;/voucher-pc33735.html
đầu đội siêu da đầu Mono;DDNU;34752;Hoạt động;Không hiển thị;4;2022-12-01 14:30:31;/dau-doi-sieu-da-dau-mono-pc34752.html
giá phơi tóc;GIÁ;36151;Hoạt động;Không hiển thị;1;2022-12-13 10:55:29;/gia-phoi-toc-pc36151.html
Tóc Lông Vũ;TÓC LÔNG VŨ;36758;Hoạt động;Không hiển thị;9;2022-12-17 17:30:42;/toc-long-vu-pc36758.html
TIỀN CỌC;TIỀN CỌC;38970;Hoạt động;Không hiển thị;1;2022-12-27 10:55:49;/tien-coc-pc38970.html
LUOC;LUOC;41098;Hoạt động;Không hiển thị;2;2023-01-15 09:59:26;/luoc-pc41098.html
Mái chữ M;M;47633;Hoạt động;Không hiển thị;1;2023-03-02 15:53:35;/mai-chu-m-pc47633.html
Bán online bằng nick cá nhân;Bán online bằng nick cá nhân;47634;Hoạt động;Không hiển thị;7;2023-05-29 10:02:14;/ban-online-bang-nick-ca-nhan-pc47634.html
Búi Xoáy;Búi Xoáy;4799;Hoạt động;Không hiển thị;8;2022-06-29 14:23:30;/bui-xoay-pc4799.html
Đầu đội  Silk Base;Đầu đội  Silk Base;3149;Hoạt động;Không hiển thị;21;2022-06-16 15:20:21;/dau-doi-silk-base-pc3149.html
Đầu đội Mono;Đầu đội Mono;3150;Hoạt động;Không hiển thị;13;2022-06-16 15:20:35;/dau-doi-mono-pc3150.html
Tóc Vic;Tóc Vic;3151;Hoạt động;Không hiển thị;6;2022-06-16 15:20:58;/toc-vic-pc3151.html
Tóc Ngoạm;Tóc Ngoạm;2345;Hoạt động;Không hiển thị;11;2022-06-11 10:07:43;/toc-ngoam-pc2345.html
Mái phủ machine weff;Mái phủ machine weff;3152;Hoạt động;Không hiển thị;19;2022-06-16 15:22:03;/mai-phu-machine-weff-pc3152.html
Mái phủ Silk Base;Mái phủ Silk Base;3153;Hoạt động;Không hiển thị;118;2022-06-16 15:22:17;/mai-phu-silk-base-pc3153.html
Mái dài;Mái dài;4800;Hoạt động;Không hiển thị;35;2022-06-29 14:27:05;/mai-dai-pc4800.html
Mái phủ siêu da Silk Base;Mái phủ siêu da Silk Base;3155;Hoạt động;Không hiển thị;94;2022-06-16 15:22:32;/mai-phu-sieu-da-silk-base-pc3155.html
Mái 3D;Mái 3D;3507;Hoạt động;Không hiển thị;7;2022-06-20 16:51:27;/mai-3d-pc3507.html
Mái dày;Mài dày;3593;Hoạt động;Không hiển thị;40;2022-06-21 14:22:28;/mai-day-pc3593.html
Búi nhỏ;Búi nhỏ;4797;Hoạt động;Không hiển thị;22;2022-06-29 14:19:53;/bui-nho-pc4797.html
Búi to;Búi to;4798;Hoạt động;Không hiển thị;13;2022-06-29 14:22:44;/bui-to-pc4798.html
Tém nữ;Tém nữ;2338;Hoạt động;Không hiển thị;118;2022-06-11 10:05:57;/tem-nu-pc2338.html
MÁI DÀY;MÁI DÀY;27474;Ẩn;Không hiển thị;;2022-10-17 16:17:07;/mai-day-pc27474.html
MÁI THƯA;MÁI THƯA;27475;Ẩn;Không hiển thị;1;2022-10-17 16:17:07;/mai-thua-pc27475.html
Tóc búi;Tóc búi;2375;Hoạt động;Không hiển thị;14;2022-06-11 16:19:11;/toc-bui-pc2375.html
Mái cột;Mái cột;2374;Hoạt động;Không hiển thị;18;2022-06-11 16:18:45;/mai-cot-pc2374.html
Mái thưa;Mái thưa;2373;Hoạt động;Không hiển thị;51;2022-06-11 16:18:28;/mai-thua-pc2373.html
MÁI KẸP 3D;MÁI KẸP 3D;27473;Ẩn;Không hiển thị;1;2022-10-17 16:17:07;/mai-kep-3d-pc27473.html
Mái Phủ nam;Mái Phủ nam;2344;Hoạt động;Không hiển thị;31;2022-06-11 10:07:29;/mai-phu-nam-pc2344.html
Mái phủ Mono;Mái phủ Mono;2343;Hoạt động;Không hiển thị;23;2022-06-11 10:07:20;/mai-phu-mono-pc2343.html
Tóc kẹp;Tóc kẹp;2342;Hoạt động;Không hiển thị;53;2022-06-11 10:07:10;/toc-kep-pc2342.html
Tóc cột;Tóc cột;2341;Hoạt động;Không hiển thị;5;2022-06-11 10:07:02;/toc-cot-pc2341.html
Đầu đội xoáy machine weft;Đầu đội xoáy machine weft;2340;Hoạt động;Không hiển thị;73;2022-06-11 10:06:55;/dau-doi-xoay-machine-weft-pc2340.html
Tém nam;Tém nam;2339;Hoạt động;Không hiển thị;34;2022-06-11 10:06:04;/tem-nam-pc2339.html
MÁI PHỒNG;MÁI PHỒNG;27472;Ẩn;Không hiển thị;1;2022-10-17 16:17:07;/mai-phong-pc27472.html
PHÍM PHỒNG;PHÍM PHỒNG;27471;Ẩn;Không hiển thị;1;2022-10-17 16:17:07;/phim-phong-pc27471.html
Mái maruko;Mái maruko;2377;Hoạt động;Không hiển thị;23;2022-06-11 16:19:45;/mai-maruko-pc2377.html
Phím phồng;Phím phồng;2378;Hoạt động;Không hiển thị;23;2022-06-11 16:20:03;/phim-phong-pc2378.html
BÚI HOA TRÒN;BÚI HOA TRÒN;27468;Ẩn;Không hiển thị;1;2022-10-17 16:17:07;/bui-hoa-tron-pc27468.html
Mái bay;Mái bay;2379;Hoạt động;Không hiển thị;7;2022-06-11 16:20:15;/mai-bay-pc2379.html
KẸP 6 PHÍM;KẸP 6 PHÍM;27466;Ẩn;Không hiển thị;1;2022-10-17 16:17:07;/kep-6-phim-pc27466.html
MÁI HÓI NỮ;MÁI HÓI NỮ;27462;Ẩn;Không hiển thị;33;2022-10-17 16:17:07;/mai-hoi-nu-pc27462.html
TÉM NỮ XOÁY DA ĐẦU;TÉM NỮ XOÁY DA ĐẦU;27461;Ẩn;Không hiển thị;3;2022-10-17 16:17:07;/tem-nu-xoay-da-dau-pc27461.html
ĐẦU ĐỘI NGÔI;ĐẦU ĐỘI NGÔI;27459;Ẩn;Không hiển thị;26;2022-10-17 16:17:07;/dau-doi-ngoi-pc27459.html
ĐẦU ĐỘI;ĐẦU ĐỘI;27458;Ẩn;Không hiển thị;4;2022-10-17 16:17:07;/dau-doi-pc27458.html
ĐẦU ĐỘI XOÁY TRÒN;ĐẦU ĐỘI XOÁY TRÒN;27457;Ẩn;Không hiển thị;3;2022-10-17 16:17:07;/dau-doi-xoay-tron-pc27457.html
ĐẦU ĐỘI XOÁY;ĐẦU ĐỘI XOÁY;27456;Ẩn;Không hiển thị;1;2022-10-17 16:17:07;/dau-doi-xoay-pc27456.html
ĐẦU ĐỘI VIP;ĐẦU ĐỘI VIP;27455;Ẩn;Không hiển thị;1;2022-10-17 16:17:07;/dau-doi-vip-pc27455.html
Đầu đội machine weft;Đầu đội machine weft;2336;Hoạt động;Không hiển thị;188;2022-06-11 10:05:34;/dau-doi-machine-weft-pc2336.html
